tissue	sample	frag_path	workdir
breast_regner_2025_cell_lines	HCC1143	data/bgz/HCC1143_ATAC_fragments.fragments.tsv.gz	/working/joint_projects/bc_risk_locus_multiomics/published_scATAC/downloaded/Regner_2025_celllines
breast_regner_2025_cell_lines	MCF7	data/bgz/MCF7_ATAC_fragments.fragments.tsv.gz	/working/joint_projects/bc_risk_locus_multiomics/published_scATAC/downloaded/Regner_2025_celllines
breast_regner_2025_cell_lines	SUM149PT	data/bgz/SUM149PT_ATAC_fragments.fragments.tsv.gz	/working/joint_projects/bc_risk_locus_multiomics/published_scATAC/downloaded/Regner_2025_celllines
breast_regner_2025_cell_lines    T47D    data/bgz/T47D_ATAC_fragments.fragments.tsv.gz	/working/joint_projects/bc_risk_locus_multiomics/published_scATAC/downloaded/Regner_2025_celllines
breast_regner_2025_healthy  patient_1   frags/bgz/GSM7789985_Patient_1_49758L_ATAC_fragments.fragments.tsv.gz   /working/joint_projects/bc_risk_locus_multiomics/published_scATAC/downloaded/Regner_2025_mammary
breast_regner_2025_healthy  patient_2   frags/bgz/GSM7789987_Patient_2_49CFCL_ATAC_fragments.fragments.tsv.gz   /working/joint_projects/bc_risk_locus_multiomics/published_scATAC/downloaded/Regner_2025_mammary
breast_regner_2025_healthy  patient_3   frags/bgz/GSM7789989_Patient_3_4AF75L_ATAC_fragments.fragments.tsv.gz   /working/joint_projects/bc_risk_locus_multiomics/published_scATAC/downloaded/Regner_2025_mammary
breast_regner_2025_healthy  patient_4   frags/bgz/GSM7789991_Patient_4_4B146L_ATAC_fragments.fragments.tsv.gz   /working/joint_projects/bc_risk_locus_multiomics/published_scATAC/downloaded/Regner_2025_mammary
10XPBMC samp1   data/10k_PBMC_ATAC_nextgem_Chromium_Controller_fragments.tsv.gz   /working/joint_projects/bc_risk_locus_multiomics/published_scATAC/downloaded/10xpbmc
10XPBMC samp2   data/10k_PBMC_ATAC_nextgem_Chromium_X_fragments.tsv.gz  /working/joint_projects/bc_risk_locus_multiomics/published_scATAC/downloaded/10xpbmc
10XPBMC samp3   data/10k_pbmc_ATACv1p1_nextgem_Chromium_X_fragments.tsv.gz  /working/joint_projects/bc_risk_locus_multiomics/published_scATAC/downloaded/10xpbmc
10XPBMC samp4   data/10k_pbmc_ATACv2_nextgem_Chromium_Controller_fragments.tsv.gz   /working/joint_projects/bc_risk_locus_multiomics/published_scATAC/downloaded/10xpbmc
10XPBMC samp5   data/10k_pbmc_ATACv2_nextgem_Chromium_X_fragments.tsv.gz    /working/joint_projects/bc_risk_locus_multiomics/published_scATAC/downloaded/10xpbmc
kidney_wilson_2022_healthy  samp1   data/GSM4572187_Control1_fragments.tsv.gz   /working/joint_projects/bc_risk_locus_multiomics/published_scATAC/downloaded/wilson_2022_kidney
kidney_wilson_2022_healthy  samp2   data/GSM4572188_Control2_fragments.tsv.gz   /working/joint_projects/bc_risk_locus_multiomics/published_scATAC/downloaded/wilson_2022_kidney
kidney_wilson_2022_healthy  samp3   data/GSM4572187_Control3_fragments.tsv.gz   /working/joint_projects/bc_risk_locus_multiomics/published_scATAC/downloaded/wilson_2022_kidney
kidney_wilson_2022_healthy  samp4   data/GSM4572187_Control4_fragments.tsv.gz   /working/joint_projects/bc_risk_locus_multiomics/published_scATAC/downloaded/wilson_2022_kidney
kidney_wilson_2022_healthy  samp5   data/GSM4572187_Control5_fragments.tsv.gz   /working/joint_projects/bc_risk_locus_multiomics/published_scATAC/downloaded/wilson_2022_kidney
kidney_wilson_2022_healthy  samp6   data/GSM4572187_Control6_fragments.tsv.gz   /working/joint_projects/bc_risk_locus_multiomics/published_scATAC/downloaded/wilson_2022_kidney
breast_HTAN_dcis    S1H3    HT339B1-S1H3-atac_fragments.tsv.gz  /working/joint_projects/bc_risk_locus_multiomics/published_scATAC/downloaded/dcis
scalp_reynolds_2023 AA1 data/bgz/GSM6532929_AA1_fragments.tsv.gz    /working/joint_projects/bc_risk_locus_multiomics/published_scATAC/downloaded/reynolds_2023_scalp
scalp_reynolds_2023 AA2 data/bgz/GSM6532930_AA2_fragments.tsv.gz    /working/joint_projects/bc_risk_locus_multiomics/published_scATAC/downloaded/reynolds_2023_scalp
scalp_reynolds_2023 AA4 data/bgz/GSM6532931_AA4_fragments.tsv.gz    /working/joint_projects/bc_risk_locus_multiomics/published_scATAC/downloaded/reynolds_2023_scalp
scalp_reynolds_2023 AA7 data/bgz/GSM6532932_AA7_fragments.tsv.gz    /working/joint_projects/bc_risk_locus_multiomics/published_scATAC/downloaded/reynolds_2023_scalp
scalp_reynolds_2023 C_PB2 data/bgz/GSM6532935_C_PB2_fragments.tsv.gz    /working/joint_projects/bc_risk_locus_multiomics/published_scATAC/downloaded/reynolds_2023_scalp
scalp_reynolds_2023 C_PB3 data/bgz/GSM6532936_C_PB3_fragments.tsv.gz    /working/joint_projects/bc_risk_locus_multiomics/published_scATAC/downloaded/reynolds_2023_scalp
scalp_reynolds_2023 SD1 data/bgz/GSM6532937_C_SD1_fragments.tsv.gz    /working/joint_projects/bc_risk_locus_multiomics/published_scATAC/downloaded/reynolds_2023_scalp
scalp_reynolds_2023 SD2 data/bgz/GSM6532938_C_SD2_fragments.tsv.gz    /working/joint_projects/bc_risk_locus_multiomics/published_scATAC/downloaded/reynolds_2023_scalp
scalp_reynolds_2023 SD3 data/bgz/GSM6532939_C_SD3_fragments.tsv.gz    /working/joint_projects/bc_risk_locus_multiomics/published_scATAC/downloaded/reynolds_2023_scalp
ovary_jin_2024_healthy  samp1   data/bgz/GSM6125541_ovary1_snATAC-seq_fragments.tsv.gz  /working/joint_projects/bc_risk_locus_multiomics/published_scATAC/downloaded/jin_2024_ovary_healhty_youngVSaged
ovary_jin_2024_healthy  samp2   data/bgz/GSM6125542_ovary2_snATAC-seq_fragments.tsv.gz  /working/joint_projects/bc_risk_locus_multiomics/published_scATAC/downloaded/jin_2024_ovary_healhty_youngVSaged
ovary_jin_2024_healthy  samp3   data/bgz/GSM6125543_ovary3_snATAC-seq_fragments.tsv.gz  /working/joint_projects/bc_risk_locus_multiomics/published_scATAC/downloaded/jin_2024_ovary_healhty_youngVSaged
ovary_jin_2024_healthy  samp4   data/bgz/GSM6125544_ovary4_snATAC-seq_fragments.tsv.gz  /working/joint_projects/bc_risk_locus_multiomics/published_scATAC/downloaded/jin_2024_ovary_healhty_youngVSaged
ovary_jin_2024_healthy  samp5   data/bgz/GSM6125545_ovary5_snATAC-seq_fragments.tsv.gz  /working/joint_projects/bc_risk_locus_multiomics/published_scATAC/downloaded/jin_2024_ovary_healhty_youngVSaged
ovary_jin_2024_healthy  samp6   data/bgz/GSM6125546_ovary6_snATAC-seq_fragments.tsv.gz  /working/joint_projects/bc_risk_locus_multiomics/published_scATAC/downloaded/jin_2024_ovary_healhty_youngVSaged
ovary_jin_2024_healthy  samp7   data/bgz/GSM6125547_ovary7_snATAC-seq_fragments.tsv.gz  /working/joint_projects/bc_risk_locus_multiomics/published_scATAC/downloaded/jin_2024_ovary_healhty_youngVSaged
ovary_jin_2024_healthy  samp8   data/bgz/GSM6125548_ovary8_snATAC-seq_fragments.tsv.gz  /working/joint_projects/bc_risk_locus_multiomics/published_scATAC/downloaded/jin_2024_ovary_healhty_youngVSaged
pancrea_zhang_2021_healthy  samp1   fragments_standardized/bgz/Zhang2021-pancreatic_tissue-pancreas_SM-ADRUQ_1.fragments.tsv.gz    /working/joint_projects/bc_risk_locus_multiomics/published_scATAC/downloaded/scATAC_corpus/Zhang2021/Zhang2021-pancreatic_tissue/frags/Zhang2021/Zhang2021-pancreatic_tissue
pancrea_zhang_2021_healthy  samp2   fragments_standardized/bgz/Zhang2021-pancreatic_tissue-pancreas_SM-JF1NS_1.fragments.tsv.gz    /working/joint_projects/bc_risk_locus_multiomics/published_scATAC/downloaded/scATAC_corpus/Zhang2021/Zhang2021-pancreatic_tissue/frags/Zhang2021/Zhang2021-pancreatic_tissue
pancrea_zhang_2021_healthy  samp3   fragments_standardized/bgz/Zhang2021-pancreatic_tissue-pancreas_SM-IOBHS_1.fragments.tsv.gz    /working/joint_projects/bc_risk_locus_multiomics/published_scATAC/downloaded/scATAC_corpus/Zhang2021/Zhang2021-pancreatic_tissue/frags/Zhang2021/Zhang2021-pancreatic_tissue
pancrea_zhang_2021_healthy  samp4   fragments_standardized/bgz/Zhang2021-pancreatic_tissue-pancreas_SM-JF1O6_1.fragments.tsv.gz    /working/joint_projects/bc_risk_locus_multiomics/published_scATAC/downloaded/scATAC_corpus/Zhang2021/Zhang2021-pancreatic_tissue/frags/Zhang2021/Zhang2021-pancreatic_tissue
heart_kanemaru_2023_healthy samp1   fragments_standardized/bgz/Kanemaru2023-cardiac_tissue-HCAHeart9508627_HCAHeart9508819.fragments.tsv.gz    /working/joint_projects/bc_risk_locus_multiomics/published_scATAC/downloaded/scATAC_corpus/Kanemaru2023/Kanemaru2023-cardiac_tissue/frags/Kanemaru2023/Kanemaru2023-cardiac_tissue
heart_kanemaru_2023_healthy samp2   fragments_standardized/bgz/Kanemaru2023-cardiac_tissue-HCAHeart9508628_HCAHeart9508820.fragments.tsv.gz    /working/joint_projects/bc_risk_locus_multiomics/published_scATAC/downloaded/scATAC_corpus/Kanemaru2023/Kanemaru2023-cardiac_tissue/frags/Kanemaru2023/Kanemaru2023-cardiac_tissue
heart_kanemaru_2023_healthy samp3   fragments_standardized/bgz/Kanemaru2023-cardiac_tissue-HCAHeart9508629_HCAHeart9508821.fragments.tsv.gz    /working/joint_projects/bc_risk_locus_multiomics/published_scATAC/downloaded/scATAC_corpus/Kanemaru2023/Kanemaru2023-cardiac_tissue/frags/Kanemaru2023/Kanemaru2023-cardiac_tissue
heart_kanemaru_2023_healthy samp4   fragments_standardized/bgz/Kanemaru2023-cardiac_tissue-HCAHeart9845431_HCAHeart9917173.fragments.tsv.gz    /working/joint_projects/bc_risk_locus_multiomics/published_scATAC/downloaded/scATAC_corpus/Kanemaru2023/Kanemaru2023-cardiac_tissue/frags/Kanemaru2023/Kanemaru2023-cardiac_tissue
heart_kanemaru_2023_healthy samp5   fragments_standardized/bgz/Kanemaru2023-cardiac_tissue-HCAHeart9845432_HCAHeart9917174.fragments.tsv.gz    /working/joint_projects/bc_risk_locus_multiomics/published_scATAC/downloaded/scATAC_corpus/Kanemaru2023/Kanemaru2023-cardiac_tissue/frags/Kanemaru2023/Kanemaru2023-cardiac_tissue
heart_kanemaru_2023_healthy samp6   fragments_standardized/bgz/Kanemaru2023-cardiac_tissue-HCAHeart9845433_HCAHeart9917175.fragments.tsv.gz    /working/joint_projects/bc_risk_locus_multiomics/published_scATAC/downloaded/scATAC_corpus/Kanemaru2023/Kanemaru2023-cardiac_tissue/frags/Kanemaru2023/Kanemaru2023-cardiac_tissue
heart_kanemaru_2023_healthy samp7   fragments_standardized/bgz/Kanemaru2023-cardiac_tissue-HCAHeart9845434_HCAHeart9917176.fragments.tsv.gz    /working/joint_projects/bc_risk_locus_multiomics/published_scATAC/downloaded/scATAC_corpus/Kanemaru2023/Kanemaru2023-cardiac_tissue/frags/Kanemaru2023/Kanemaru2023-cardiac_tissue
heart_kanemaru_2023_healthy samp8   fragments_standardized/bgz/Kanemaru2023-cardiac_tissue-HCAHeart9845435_HCAHeart9917177.fragments.tsv.gz    /working/joint_projects/bc_risk_locus_multiomics/published_scATAC/downloaded/scATAC_corpus/Kanemaru2023/Kanemaru2023-cardiac_tissue/frags/Kanemaru2023/Kanemaru2023-cardiac_tissue
heart_kanemaru_2023_healthy samp9   fragments_standardized/bgz/Kanemaru2023-cardiac_tissue-HCAHeart9845436_HCAHeart9917178.fragments.tsv.gz    /working/joint_projects/bc_risk_locus_multiomics/published_scATAC/downloaded/scATAC_corpus/Kanemaru2023/Kanemaru2023-cardiac_tissue/frags/Kanemaru2023/Kanemaru2023-cardiac_tissue
heart_kanemaru_2023_healthy samp10   fragments_standardized/bgz/Kanemaru2023-cardiac_tissue-HCAHeart9845436_HCAHeart9917178.fragments.tsv.gz    /working/joint_projects/bc_risk_locus_multiomics/published_scATAC/downloaded/scATAC_corpus/Kanemaru2023/Kanemaru2023-cardiac_tissue/frags/Kanemaru2023/Kanemaru2023-cardiac_tissue
heart_kanemaru_2023_healthy samp11   fragments_standardized/bgz/Kanemaru2023-cardiac_tissue-HCAHeartST10773165_HCAHeartST10781062.fragments.tsv.gz    /working/joint_projects/bc_risk_locus_multiomics/published_scATAC/downloaded/scATAC_corpus/Kanemaru2023/Kanemaru2023-cardiac_tissue/frags/Kanemaru2023/Kanemaru2023-cardiac_tissue
heart_kanemaru_2023_healthy samp12   fragments_standardized/bgz/Kanemaru2023-cardiac_tissue-HCAHeartST10773166_HCAHeartST10781063.fragments.tsv.gz    /working/joint_projects/bc_risk_locus_multiomics/published_scATAC/downloaded/scATAC_corpus/Kanemaru2023/Kanemaru2023-cardiac_tissue/frags/Kanemaru2023/Kanemaru2023-cardiac_tissue
heart_kanemaru_2023_healthy samp13   fragments_standardized/bgz/Kanemaru2023-cardiac_tissue-HCAHeartST10773167_HCAHeartST10781064.fragments.tsv.gz    /working/joint_projects/bc_risk_locus_multiomics/published_scATAC/downloaded/scATAC_corpus/Kanemaru2023/Kanemaru2023-cardiac_tissue/frags/Kanemaru2023/Kanemaru2023-cardiac_tissue
heart_kanemaru_2023_healthy samp14   fragments_standardized/bgz/Kanemaru2023-cardiac_tissue-HCAHeartST10773168_HCAHeartST10781065.fragments.tsv.gz    /working/joint_projects/bc_risk_locus_multiomics/published_scATAC/downloaded/scATAC_corpus/Kanemaru2023/Kanemaru2023-cardiac_tissue/frags/Kanemaru2023/Kanemaru2023-cardiac_tissue
heart_kanemaru_2023_healthy samp15   fragments_standardized/bgz/Kanemaru2023-cardiac_tissue-HCAHeartST10773169_HCAHeartST10781446.fragments.tsv.gz    /working/joint_projects/bc_risk_locus_multiomics/published_scATAC/downloaded/scATAC_corpus/Kanemaru2023/Kanemaru2023-cardiac_tissue/frags/Kanemaru2023/Kanemaru2023-cardiac_tissue
heart_kanemaru_2023_healthy samp16   fragments_standardized/bgz/Kanemaru2023-cardiac_tissue-HCAHeartST10773170_HCAHeartST10781447.fragments.tsv.gz    /working/joint_projects/bc_risk_locus_multiomics/published_scATAC/downloaded/scATAC_corpus/Kanemaru2023/Kanemaru2023-cardiac_tissue/frags/Kanemaru2023/Kanemaru2023-cardiac_tissue
heart_kanemaru_2023_healthy samp17   fragments_standardized/bgz/Kanemaru2023-cardiac_tissue-HCAHeartST10773171_HCAHeartST10781448.fragments.tsv.gz    /working/joint_projects/bc_risk_locus_multiomics/published_scATAC/downloaded/scATAC_corpus/Kanemaru2023/Kanemaru2023-cardiac_tissue/frags/Kanemaru2023/Kanemaru2023-cardiac_tissue
heart_kanemaru_2023_healthy samp18   fragments_standardized/bgz/Kanemaru2023-cardiac_tissue-HCAHeartST11064574_HCAHeartST11023239.fragments.tsv.gz    /working/joint_projects/bc_risk_locus_multiomics/published_scATAC/downloaded/scATAC_corpus/Kanemaru2023/Kanemaru2023-cardiac_tissue/frags/Kanemaru2023/Kanemaru2023-cardiac_tissue
heart_kanemaru_2023_healthy samp19   fragments_standardized/bgz/Kanemaru2023-cardiac_tissue-HCAHeartST11064575_HCAHeartST11023240.fragments.tsv.gz    /working/joint_projects/bc_risk_locus_multiomics/published_scATAC/downloaded/scATAC_corpus/Kanemaru2023/Kanemaru2023-cardiac_tissue/frags/Kanemaru2023/Kanemaru2023-cardiac_tissue
heart_kanemaru_2023_healthy samp20   fragments_standardized/bgz/Kanemaru2023-cardiac_tissue-HCAHeartST11064576_HCAHeartST11023241.fragments.tsv.gz    /working/joint_projects/bc_risk_locus_multiomics/published_scATAC/downloaded/scATAC_corpus/Kanemaru2023/Kanemaru2023-cardiac_tissue/frags/Kanemaru2023/Kanemaru2023-cardiac_tissue
heart_kanemaru_2023_healthy samp21   fragments_standardized/bgz/Kanemaru2023-cardiac_tissue-HCAHeartST11064577_HCAHeartST11023242.fragments.tsv.gz    /working/joint_projects/bc_risk_locus_multiomics/published_scATAC/downloaded/scATAC_corpus/Kanemaru2023/Kanemaru2023-cardiac_tissue/frags/Kanemaru2023/Kanemaru2023-cardiac_tissue
heart_kanemaru_2023_healthy samp22   fragments_standardized/bgz/Kanemaru2023-cardiac_tissue-HCAHeartST11350184_HCAHeartST11121842.fragments.tsv.gz    /working/joint_projects/bc_risk_locus_multiomics/published_scATAC/downloaded/scATAC_corpus/Kanemaru2023/Kanemaru2023-cardiac_tissue/frags/Kanemaru2023/Kanemaru2023-cardiac_tissue
heart_kanemaru_2023_healthy samp23   fragments_standardized/bgz/Kanemaru2023-cardiac_tissue-HCAHeartST11350186_HCAHeartST11121844.fragments.tsv.gz    /working/joint_projects/bc_risk_locus_multiomics/published_scATAC/downloaded/scATAC_corpus/Kanemaru2023/Kanemaru2023-cardiac_tissue/frags/Kanemaru2023/Kanemaru2023-cardiac_tissue
heart_kanemaru_2023_healthy samp24   fragments_standardized/bgz/Kanemaru2023-cardiac_tissue-HCAHeartST11350187_HCAHeartST11121845.fragments.tsv.gz    /working/joint_projects/bc_risk_locus_multiomics/published_scATAC/downloaded/scATAC_corpus/Kanemaru2023/Kanemaru2023-cardiac_tissue/frags/Kanemaru2023/Kanemaru2023-cardiac_tissue
heart_kanemaru_2023_healthy samp25   fragments_standardized/bgz/Kanemaru2023-cardiac_tissue-HCAHeartST11350192_HCAHeartST11445769.fragments.tsv.gz    /working/joint_projects/bc_risk_locus_multiomics/published_scATAC/downloaded/scATAC_corpus/Kanemaru2023/Kanemaru2023-cardiac_tissue/frags/Kanemaru2023/Kanemaru2023-cardiac_tissue
heart_kanemaru_2023_healthy samp26   fragments_standardized/bgz/Kanemaru2023-cardiac_tissue-HCAHeartST11350193_HCAHeartST11445770.fragments.tsv.gz    /working/joint_projects/bc_risk_locus_multiomics/published_scATAC/downloaded/scATAC_corpus/Kanemaru2023/Kanemaru2023-cardiac_tissue/frags/Kanemaru2023/Kanemaru2023-cardiac_tissue
heart_kanemaru_2023_healthy samp27   fragments_standardized/bgz/Kanemaru2023-cardiac_tissue-HCAHeartST11350194_HCAHeartST11445771.fragments.tsv.gz    /working/joint_projects/bc_risk_locus_multiomics/published_scATAC/downloaded/scATAC_corpus/Kanemaru2023/Kanemaru2023-cardiac_tissue/frags/Kanemaru2023/Kanemaru2023-cardiac_tissue
heart_kanemaru_2023_healthy samp28   fragments_standardized/bgz/Kanemaru2023-cardiac_tissue-HCAHeartST11350195_HCAHeartST11445772.fragments.tsv.gz    /working/joint_projects/bc_risk_locus_multiomics/published_scATAC/downloaded/scATAC_corpus/Kanemaru2023/Kanemaru2023-cardiac_tissue/frags/Kanemaru2023/Kanemaru2023-cardiac_tissue
heart_kanemaru_2023_healthy samp29   fragments_standardized/bgz/Kanemaru2023-cardiac_tissue-HCAHeartST11350196_HCAHeartST11445773.fragments.tsv.gz    /working/joint_projects/bc_risk_locus_multiomics/published_scATAC/downloaded/scATAC_corpus/Kanemaru2023/Kanemaru2023-cardiac_tissue/frags/Kanemaru2023/Kanemaru2023-cardiac_tissue
heart_kanemaru_2023_healthy samp30   fragments_standardized/bgz/Kanemaru2023-cardiac_tissue-HCAHeartST11350197_HCAHeartST11445774.fragments.tsv.gz    /working/joint_projects/bc_risk_locus_multiomics/published_scATAC/downloaded/scATAC_corpus/Kanemaru2023/Kanemaru2023-cardiac_tissue/frags/Kanemaru2023/Kanemaru2023-cardiac_tissue
heart_kanemaru_2023_healthy samp31   fragments_standardized/bgz/Kanemaru2023-cardiac_tissue-HCAHeartST11350198_HCAHeartST11445775.fragments.tsv.gz    /working/joint_projects/bc_risk_locus_multiomics/published_scATAC/downloaded/scATAC_corpus/Kanemaru2023/Kanemaru2023-cardiac_tissue/frags/Kanemaru2023/Kanemaru2023-cardiac_tissue
heart_kanemaru_2023_healthy samp32   fragments_standardized/bgz/Kanemaru2023-cardiac_tissue-HCAHeartST13146201_HCAHeartST13129134.fragments.tsv.gz    /working/joint_projects/bc_risk_locus_multiomics/published_scATAC/downloaded/scATAC_corpus/Kanemaru2023/Kanemaru2023-cardiac_tissue/frags/Kanemaru2023/Kanemaru2023-cardiac_tissue
heart_kanemaru_2023_healthy samp33   fragments_standardized/bgz/Kanemaru2023-cardiac_tissue-HCAHeartST13146202_HCAHeartST13129135.fragments.tsv.gz    /working/joint_projects/bc_risk_locus_multiomics/published_scATAC/downloaded/scATAC_corpus/Kanemaru2023/Kanemaru2023-cardiac_tissue/frags/Kanemaru2023/Kanemaru2023-cardiac_tissue
heart_kanemaru_2023_healthy samp34   fragments_standardized/bgz/Kanemaru2023-cardiac_tissue-HCAHeartST13146203_HCAHeartST13129136.fragments.tsv.gz    /working/joint_projects/bc_risk_locus_multiomics/published_scATAC/downloaded/scATAC_corpus/Kanemaru2023/Kanemaru2023-cardiac_tissue/frags/Kanemaru2023/Kanemaru2023-cardiac_tissue
heart_kanemaru_2023_healthy samp35   fragments_standardized/bgz/Kanemaru2023-cardiac_tissue-HCAHeartST13146204_HCAHeartST13129137.fragments.tsv.gz    /working/joint_projects/bc_risk_locus_multiomics/published_scATAC/downloaded/scATAC_corpus/Kanemaru2023/Kanemaru2023-cardiac_tissue/frags/Kanemaru2023/Kanemaru2023-cardiac_tissue
heart_kanemaru_2023_healthy samp36   fragments_standardized/bgz/Kanemaru2023-cardiac_tissue-HCAHeartST13146205_HCAHeartST13129138.fragments.tsv.gz    /working/joint_projects/bc_risk_locus_multiomics/published_scATAC/downloaded/scATAC_corpus/Kanemaru2023/Kanemaru2023-cardiac_tissue/frags/Kanemaru2023/Kanemaru2023-cardiac_tissue
heart_kanemaru_2023_healthy samp37   fragments_standardized/bgz/Kanemaru2023-cardiac_tissue-HCAHeartST13146206_HCAHeartST13129139.fragments.tsv.gz    /working/joint_projects/bc_risk_locus_multiomics/published_scATAC/downloaded/scATAC_corpus/Kanemaru2023/Kanemaru2023-cardiac_tissue/frags/Kanemaru2023/Kanemaru2023-cardiac_tissue
heart_kanemaru_2023_healthy samp38   fragments_standardized/bgz/Kanemaru2023-cardiac_tissue-HCAHeartST13146207_HCAHeartST13129140.fragments.tsv.gz    /working/joint_projects/bc_risk_locus_multiomics/published_scATAC/downloaded/scATAC_corpus/Kanemaru2023/Kanemaru2023-cardiac_tissue/frags/Kanemaru2023/Kanemaru2023-cardiac_tissue
heart_kanemaru_2023_healthy samp39   fragments_standardized/bgz/Kanemaru2023-cardiac_tissue-HCAHeartST13146208_HCAHeartST13129141.fragments.tsv.gz    /working/joint_projects/bc_risk_locus_multiomics/published_scATAC/downloaded/scATAC_corpus/Kanemaru2023/Kanemaru2023-cardiac_tissue/frags/Kanemaru2023/Kanemaru2023-cardiac_tissue
heart_kanemaru_2023_healthy samp40   fragments_standardized/bgz/Kanemaru2023-cardiac_tissue-HCAHeartST13168796_HCAHeartST13167740.fragments.tsv.gz    /working/joint_projects/bc_risk_locus_multiomics/published_scATAC/downloaded/scATAC_corpus/Kanemaru2023/Kanemaru2023-cardiac_tissue/frags/Kanemaru2023/Kanemaru2023-cardiac_tissue
heart_kanemaru_2023_healthy samp41   fragments_standardized/bgz/Kanemaru2023-cardiac_tissue-HCAHeartST13180615_HCAHeartST13177112.fragments.tsv.gz    /working/joint_projects/bc_risk_locus_multiomics/published_scATAC/downloaded/scATAC_corpus/Kanemaru2023/Kanemaru2023-cardiac_tissue/frags/Kanemaru2023/Kanemaru2023-cardiac_tissue
heart_kanemaru_2023_healthy samp42   fragments_standardized/bgz/Kanemaru2023-cardiac_tissue-HCAHeartST13180616_HCAHeartST13177113.fragments.tsv.gz    /working/joint_projects/bc_risk_locus_multiomics/published_scATAC/downloaded/scATAC_corpus/Kanemaru2023/Kanemaru2023-cardiac_tissue/frags/Kanemaru2023/Kanemaru2023-cardiac_tissue
heart_kanemaru_2023_healthy samp43   fragments_standardized/bgz/Kanemaru2023-cardiac_tissue-HCAHeartST13180617_HCAHeartST13177114.fragments.tsv.gz    /working/joint_projects/bc_risk_locus_multiomics/published_scATAC/downloaded/scATAC_corpus/Kanemaru2023/Kanemaru2023-cardiac_tissue/frags/Kanemaru2023/Kanemaru2023-cardiac_tissue
heart_kanemaru_2023_healthy samp44   fragments_standardized/bgz/Kanemaru2023-cardiac_tissue-HCAHeartST13180618_HCAHeartST13177115.fragments.tsv.gz    /working/joint_projects/bc_risk_locus_multiomics/published_scATAC/downloaded/scATAC_corpus/Kanemaru2023/Kanemaru2023-cardiac_tissue/frags/Kanemaru2023/Kanemaru2023-cardiac_tissue
heart_kanemaru_2023_healthy samp45   fragments_standardized/bgz/Kanemaru2023-cardiac_tissue-HCAHeartST13180619_HCAHeartST13177116.fragments.tsv.gz    /working/joint_projects/bc_risk_locus_multiomics/published_scATAC/downloaded/scATAC_corpus/Kanemaru2023/Kanemaru2023-cardiac_tissue/frags/Kanemaru2023/Kanemaru2023-cardiac_tissue
heart_kanemaru_2023_healthy samp46   fragments_standardized/bgz/Kanemaru2023-cardiac_tissue-HCAHeartST13189995_HCAHeartST13188800.fragments.tsv.gz    /working/joint_projects/bc_risk_locus_multiomics/published_scATAC/downloaded/scATAC_corpus/Kanemaru2023/Kanemaru2023-cardiac_tissue/frags/Kanemaru2023/Kanemaru2023-cardiac_tissue
heart_kanemaru_2023_healthy samp47   fragments_standardized/bgz/Kanemaru2023-cardiac_tissue-HCAHeartST13189996_HCAHeartST13188801.fragments.tsv.gz    /working/joint_projects/bc_risk_locus_multiomics/published_scATAC/downloaded/scATAC_corpus/Kanemaru2023/Kanemaru2023-cardiac_tissue/frags/Kanemaru2023/Kanemaru2023-cardiac_tissue
heart_kanemaru_2023_healthy samp48   fragments_standardized/bgz/Kanemaru2023-cardiac_tissue-HCAHeartST13189997_HCAHeartST13188802.fragments.tsv.gz    /working/joint_projects/bc_risk_locus_multiomics/published_scATAC/downloaded/scATAC_corpus/Kanemaru2023/Kanemaru2023-cardiac_tissue/frags/Kanemaru2023/Kanemaru2023-cardiac_tissue
pancreas_zhang_2021_healthy samp1   frags/Zhang2021/Zhang2021-pancreatic_tissue/fragments_standardized/bgz/Zhang2021-pancreatic_tissue-pancreas_SM-ADRUQ_1.fragments.tsv.gz /working/joint_projects/bc_risk_locus_multiomics/published_scATAC/downloaded/scATAC_corpus/Zhang2021/Zhang2021-pancreatic_tissue/
pancreas_zhang_2021_healthy samp2   frags/Zhang2021/Zhang2021-pancreatic_tissue/fragments_standardized/bgz/Zhang2021-pancreatic_tissue-pancreas_SM-IOBHS_1.fragments.tsv.gz /working/joint_projects/bc_risk_locus_multiomics/published_scATAC/downloaded/scATAC_corpus/Zhang2021/Zhang2021-pancreatic_tissue/
pancreas_zhang_2021_healthy samp3   frags/Zhang2021/Zhang2021-pancreatic_tissue/fragments_standardized/bgz/Zhang2021-pancreatic_tissue-pancreas_SM-JF1NS_1.fragments.tsv.gz /working/joint_projects/bc_risk_locus_multiomics/published_scATAC/downloaded/scATAC_corpus/Zhang2021/Zhang2021-pancreatic_tissue/
pancreas_zhang_2021_healthy samp4   frags/Zhang2021/Zhang2021-pancreatic_tissue/fragments_standardized/bgz/Zhang2021-pancreatic_tissue-pancreas_SM-JF1O6_1.fragments.tsv.gz /working/joint_projects/bc_risk_locus_multiomics/published_scATAC/downloaded/scATAC_corpus/Zhang2021/Zhang2021-pancreatic_tissue/

